student_id,first_name,last_name,year_level,gender,program_code
2022-0001,Robert,Johnson,4,O,BSIAM
2024-0002,Robert,Johnson,2,M,BAHIS
2025-0003,James,Garcia,1,M,BAHIS
2025-0004,Mary,Johnson,1,F,BSCPE
2023-0005,James,Johnson,3,M,BETELET
2024-0006,Linda,Jones,2,O,BSCA
2025-0007,Mary,Jones,1,F,BSCHEM
2024-0008,Barbara,Martinez,2,O,BSE
2024-0009,David,Jones,2,M,BSN
2022-0010,William,Martinez,4,O,BSBIO-BOT
2023-0011,James,Brown,3,M,BSIT
2025-0012,Linda,Garcia,1,F,BSPSYCH
2022-0013,Linda,Martinez,4,F,BALCS
2025-0014,Christopher,Johnson,1,M,BSME
2025-0015,Joseph,Davis,1,O,BSIS
2023-0016,Thomas,Smith,3,O,BSIAM
2025-0017,Linda,Garcia,1,O,BSED-CHEM
2024-0018,Joseph,Johnson,2,M,BEED-LE
2022-0019,Joseph,Rodriguez,4,O,BSBIO-ANBIO
2023-0020,William,Brown,3,M,BSED-CHEM
2024-0021,Susan,Davis,2,F,BAPSYCH
2023-0022,Karen,Martinez,3,F,BSED-CHEM
2024-0023,Robert,Smith,2,O,BPE
2023-0024,Barbara,Jones,3,F,BSED-CHEM
2025-0025,Susan,Rodriguez,1,O,BAFIL
2023-0026,Patricia,Martinez,3,F,BSHM
2023-0027,Richard,Miller,3,M,BSBA-MM
2022-0028,Jessica,Garcia,4,F,BSMETE
2025-0029,Mary,Davis,1,F,BSCERE
2024-0030,Christopher,Johnson,2,M,BETCET
2025-0031,Elizabeth,Martinez,1,O,BSESE
2025-0032,Susan,Johnson,1,O,BETMET
2025-0033,David,Brown,1,O,BSMAT
2025-0034,Joseph,Garcia,1,M,BSPHY
2022-0035,Karen,Brown,4,F,BTVTED-DT
2025-0036,Richard,Miller,1,M,BSCA
2025-0037,Karen,Garcia,1,O,BSPSYCH
2023-0038,Christopher,Jones,3,O,BSEM
2024-0039,John,Smith,2,O,BSBA-MM
2022-0040,Christopher,Martinez,4,M,BEED-SCIMAT
2025-0041,David,Jones,1,M,BSMETE
2022-0042,John,Smith,4,M,BEED-LE
2025-0043,John,Rodriguez,1,M,BSHM
2022-0044,Sarah,Brown,4,O,BSIAM
2023-0045,Sarah,Rodriguez,3,F,BSMETE
2024-0046,Richard,Smith,2,M,BSCA
2022-0047,Thomas,Smith,4,O,BAPSYCH
2024-0048,Sarah,Miller,2,F,BTLED-IA
2022-0049,Joseph,Davis,4,O,BSE
2025-0050,Susan,Rodriguez,1,O,BSIT
2023-0051,Sarah,Williams,3,O,BTVTED-DT
2022-0052,Linda,Smith,4,F,BALCS
2023-0053,John,Brown,3,M,BSCS
2022-0054,Robert,Rodriguez,4,O,BAHIS
2022-0055,Richard,Martinez,4,M,BETELET
2023-0056,Barbara,Jones,3,O,BETELET
2024-0057,Sarah,Smith,2,O,BSMETE
2022-0058,Christopher,Martinez,4,M,BSMAT
2025-0059,David,Smith,1,O,BSED-PHY
2025-0060,James,Garcia,1,O,BASOCIO
2022-0061,John,Rodriguez,4,O,BETMMT
2023-0062,Michael,Williams,3,M,BASOCIO
2022-0063,Robert,Smith,4,M,BSCA
2025-0064,Jessica,Brown,1,O,BSE
2023-0065,Thomas,Rodriguez,3,O,BAFIL
2022-0066,Linda,Davis,4,F,BSMAT
2023-0067,Karen,Johnson,3,F,BSIS
2025-0068,David,Smith,1,O,BSIT
2022-0069,Thomas,Davis,4,O,BEED-LE
2022-0070,Michael,Jones,4,M,BSPSYCH
2024-0071,Karen,Garcia,2,F,BSE
2023-0072,Sarah,Brown,3,F,BAPOLSCI
2023-0073,Jennifer,Williams,3,F,BSED-FIL
2022-0074,Michael,Jones,4,M,BAPSYCH
2025-0075,Karen,Johnson,1,O,BAHIS
2024-0076,Sarah,Davis,2,F,BETESET
2024-0077,William,Johnson,2,M,BSMAT
2024-0078,Christopher,Smith,2,M,BAPSYCH
2025-0079,Patricia,Rodriguez,1,O,BSED-FIL
2024-0080,Sarah,Davis,2,F,BSPSYCH
2024-0081,Robert,Davis,2,M,BTLED-HOMECO
2023-0082,Robert,Martinez,3,O,BASOCIO
2024-0083,William,Smith,2,M,BSCHE
2023-0084,Thomas,Miller,3,M,BSBA-MM
2024-0085,Richard,Jones,2,M,BETCET
2023-0086,Elizabeth,Miller,3,F,BSENE
2023-0087,William,Brown,3,O,BSBA-MM
2023-0088,Sarah,Williams,3,O,BTLED-HOMECO
2023-0089,Karen,Jones,3,F,BSCS
2025-0090,James,Smith,1,O,BSED-PHY
2024-0091,Susan,Martinez,2,F,BSMAT
2023-0092,Richard,Williams,3,O,BSBIO-ANBIO
2025-0093,William,Smith,1,M,BAPOLSCI
2024-0094,Linda,Williams,2,O,BAPHILO
2025-0095,Elizabeth,Miller,1,F,BSCS
2025-0096,Robert,Miller,1,M,BSPSYCH
2022-0097,Christopher,Martinez,4,O,BTLED-HOMECO
2023-0098,John,Martinez,3,M,BSEM
2023-0099,Linda,Rodriguez,3,F,BETCET
2022-0100,Karen,Miller,4,O,BSED-FIL
2022-0101,Karen,Williams,4,F,BSIT
2024-0102,Elizabeth,Miller,2,O,BSED-MAT
2023-0103,Linda,Smith,3,F,BSMAT
2022-0104,Jessica,Williams,4,F,BTVTED-DT
2022-0105,Richard,Rodriguez,4,M,BSE
2024-0106,Michael,Johnson,2,M,BETMMT
2025-0107,Joseph,Rodriguez,1,M,BSHM
2024-0108,Patricia,Miller,2,O,BSA
2023-0109,Robert,Williams,3,O,BEED-LE
2024-0110,Mary,Martinez,2,F,BSMB
2024-0111,Elizabeth,Miller,2,F,BSN
2023-0112,Thomas,Johnson,3,M,BSESE
2025-0113,Linda,Rodriguez,1,F,BSBIO-BOT
2023-0114,John,Garcia,3,O,BSIT
2024-0115,David,Davis,2,M,BSESE
2022-0116,Christopher,Martinez,4,O,BAFIL
2023-0117,Robert,Jones,3,M,BALCS
2025-0118,Barbara,Miller,1,O,BAPSYCH
2022-0119,Michael,Brown,4,M,BSIT
2022-0120,John,Williams,4,M,BTLED-IA
2023-0121,Thomas,Williams,3,M,BSBIO
2022-0122,Richard,Davis,4,M,BSPHY
2024-0123,Robert,Williams,2,O,BSPHY
2022-0124,Susan,Brown,4,O,BSED-MAT
2022-0125,Mary,Jones,4,F,BSE
2025-0126,Michael,Johnson,1,M,BSMB
2025-0127,Elizabeth,Martinez,1,O,BSIT
2022-0128,Mary,Garcia,4,F,BSN
2025-0129,Thomas,Rodriguez,1,M,BSIT
2025-0130,Michael,Johnson,1,M,BSN
2023-0131,Robert,Martinez,3,M,BSED-MAT
2023-0132,Robert,Smith,3,M,BAELS
2023-0133,David,Brown,3,M,BSIS
2025-0134,Patricia,Miller,1,F,BSED-CHEM
2022-0135,Robert,Jones,4,O,BTLED-HOMECO
2025-0136,Susan,Johnson,1,F,BSCPE
2024-0137,Patricia,Davis,2,F,BTVTED-DT
2025-0138,Barbara,Garcia,1,F,BEED-LE
2023-0139,Michael,Martinez,3,O,BSBIO-BOT
2025-0140,Robert,Jones,1,O,BTVTED-DT
2024-0141,Patricia,Williams,2,F,BSED-PHY
2024-0142,Karen,Davis,2,F,BSCHE
2025-0143,Mary,Smith,1,O,BTLED-IA
2025-0144,David,Smith,1,O,BSCS
2025-0145,Joseph,Brown,1,M,BSCS
2025-0146,William,Rodriguez,1,O,BAPOLSCI
2023-0147,Christopher,Rodriguez,3,M,BSBA-MM
2024-0148,Joseph,Martinez,2,M,BSED-FIL
2025-0149,Christopher,Rodriguez,1,M,BETMMT
2022-0150,Joseph,Garcia,4,M,BSHM
2022-0151,Linda,Williams,4,F,BSMB
2025-0152,Jennifer,Brown,1,F,BSBIO-ANBIO
2022-0153,James,Davis,4,M,BETCHET
2022-0154,Robert,Smith,4,O,BETELET
2022-0155,Jessica,Smith,4,F,BSMETE
2025-0156,David,Martinez,1,M,BSMB
2022-0157,Elizabeth,Martinez,4,O,BSCPE
2023-0158,Barbara,Johnson,3,F,BSED-FIL
2022-0159,Joseph,Johnson,4,O,BSEE
2022-0160,James,Davis,4,M,BETMMT
2025-0161,Joseph,Johnson,1,M,BAFIL
2025-0162,Susan,Williams,1,F,BSCHE
2025-0163,William,Rodriguez,1,O,BSPSYCH
2024-0164,Karen,Brown,2,F,BETCET
2023-0165,Thomas,Brown,3,M,BSEM
2025-0166,Elizabeth,Martinez,1,F,BSIT
2024-0167,Elizabeth,Smith,2,F,BEED-SCIMAT
2024-0168,Karen,Jones,2,F,BETELET
2025-0169,Jennifer,Williams,1,F,BSED-CHEM
2024-0170,Richard,Johnson,2,M,BASOCIO
2025-0171,John,Williams,1,M,BSCPE
2022-0172,Barbara,Williams,4,O,BSCERE
2023-0173,Christopher,Williams,3,M,BSBIO-BOT
2025-0174,Joseph,Garcia,1,M,BSMETE
2024-0175,Sarah,Miller,2,F,BTLED-IA
2022-0176,Christopher,Johnson,4,M,BSMAT
2024-0177,Mary,Rodriguez,2,F,BTLED-HOMECO
2025-0178,Joseph,Brown,1,O,BSBA-MM
2022-0179,Robert,Martinez,4,O,BSED-MAT
2024-0180,Elizabeth,Garcia,2,F,BEED-SCIMAT
2025-0181,James,Johnson,1,M,BSMAT
2025-0182,Sarah,Rodriguez,1,F,BAHIS
2025-0183,Patricia,Miller,1,F,BSSTAT
2025-0184,Michael,Johnson,1,M,BSHM
2025-0185,Sarah,Miller,1,F,BSMB
2024-0186,Michael,Brown,2,O,BSE
2024-0187,Christopher,Miller,2,M,BETCHET
2025-0188,Robert,Jones,1,M,BEED-LE
2023-0189,Michael,Davis,3,M,BSA
2024-0190,Linda,Miller,2,F,BSED-BIO
2022-0191,Susan,Miller,4,F,BSMAT
2023-0192,Patricia,Martinez,3,O,BSCERE
2022-0193,Mary,Brown,4,F,BSCA
2024-0194,James,Brown,2,M,BSBIO
2025-0195,Jennifer,Williams,1,O,BSHM
2024-0196,Christopher,Rodriguez,2,O,BSCHE
2022-0197,Christopher,Garcia,4,M,BSN
2024-0198,Robert,Johnson,2,M,BSIS
2022-0199,Elizabeth,Jones,4,O,BPE
2022-0200,Joseph,Garcia,4,M,BSIS
2023-0201,Barbara,Brown,3,O,BSIT
2025-0202,Jennifer,Martinez,1,O,BSA
2022-0203,Christopher,Garcia,4,M,BSIS
2022-0204,Christopher,Smith,4,M,BTLED-IA
2024-0205,Patricia,Johnson,2,F,BSBIO
2025-0206,David,Brown,1,M,BSBIO-BOT
2022-0207,Richard,Brown,4,M,BSCPE
2025-0208,Mary,Garcia,1,F,BETESET
2022-0209,Robert,Rodriguez,4,O,BSIS
2022-0210,Jennifer,Davis,4,F,BSN
2024-0211,Michael,Garcia,2,M,BSMB
2025-0212,Mary,Garcia,1,F,BSME
2024-0213,Susan,Jones,2,F,BSED-CHEM
2024-0214,Patricia,Smith,2,O,BSCS
2023-0215,Karen,Martinez,3,F,BSMETE
2025-0216,Karen,Johnson,1,F,BSED-PHY
2022-0217,William,Martinez,4,M,BSMETE
2023-0218,Jennifer,Smith,3,O,BAHIS
2025-0219,Patricia,Smith,1,F,BETCET
2024-0220,Barbara,Miller,2,F,BSME
2025-0221,Richard,Jones,1,M,BETESET
2025-0222,Linda,Davis,1,F,BSEE
2025-0223,Susan,Williams,1,F,BSPSYCH
2024-0224,Sarah,Brown,2,F,BEED-LE
2023-0225,John,Rodriguez,3,O,BETELET
2022-0226,Patricia,Miller,4,O,BSME
2024-0227,David,Martinez,2,M,BETELET
2022-0228,Barbara,Martinez,4,O,BSESE
2022-0229,David,Jones,4,O,BSE
2023-0230,Robert,Brown,3,M,BSMB
2025-0231,Karen,Garcia,1,F,BSN
2025-0232,Jennifer,Miller,1,F,BSSTAT
2024-0233,John,Williams,2,M,BSBIO-ANBIO
2024-0234,David,Martinez,2,O,BSSTAT
2025-0235,Christopher,Williams,1,M,BSBIO
2023-0236,William,Williamson III,3,O,BSPSYCH
2025-0237,Jennifer,Jones,1,O,BAPSYCH
2022-0238,Elizabeth,Brown,4,F,BAELS
2023-0239,Michael,Rodriguez,3,M,BSENE
2022-0240,Jennifer,Jones,4,F,BSIS
2022-0241,John,Miller,4,M,BASOCIO
2023-0242,Barbara,Rodriguez,3,O,BSENE
2022-0243,Thomas,Miller,4,O,BETCET
2024-0244,James,Williams,2,M,BSCERE
2025-0245,Jennifer,Johnson,1,F,BSIS
2024-0246,Jessica,Martinez,2,F,BSPSYCH
2025-0247,Jennifer,Miller,1,O,BTLED-HOMECO
2025-0248,Joseph,Smith,1,M,BTVTED-DT
2024-0249,Jessica,Rodriguez,2,O,BSED-MAT
2022-0250,Mary,Johnson,4,F,BAFIL
2025-0251,Thomas,Miller,1,M,BSCA
2024-0252,Michael,Davis,2,O,BSCA
2022-0253,David,Williams,4,O,BSHM
2025-0254,Linda,Martinez,1,F,BETCHET
2022-0255,John,Smith,4,M,BSBIO
2024-0256,Elizabeth,Brown,2,F,BAFIL
2024-0257,James,Brown,2,M,BETESET
2024-0258,Thomas,Rodriguez,2,M,BEED-LE
2022-0259,Michael,Davis,4,M,BSBIO-ANBIO
2022-0260,Barbara,Davis,4,F,BETELET
2023-0261,Karen,Davis,3,F,BEED-SCIMAT
2022-0262,John,Miller,4,M,BSME
2024-0263,David,Davis,2,M,BSCERE
2025-0264,Christopher,Brown,1,M,BSE
2025-0265,Karen,Martinez,1,F,BSBIO-BOT
2023-0266,Karen,Garcia,3,F,BAELS
2023-0267,Elizabeth,Rodriguez,3,F,BAELS
2023-0268,Barbara,Williams,3,F,BSED-MAT
2023-0269,James,Johnson,3,M,BSCE
2025-0270,Mary,Garcia,1,F,BETMET
2024-0271,Barbara,Garcia,2,O,BSCHE
2022-0272,Sarah,Jones,4,F,BAPAN
2024-0273,Robert,Smith,2,M,BAELS
2024-0274,Elizabeth,Rodriguez,2,O,BSEE
2025-0275,Richard,Garcia,1,M,BSCS
2022-0276,Sarah,Brown,4,F,BSIT
2024-0277,David,Smith,2,O,BSED-FIL
2022-0278,David,Garcia,4,O,BETMMT
2022-0279,Thomas,Davis,4,M,BSCS
2025-0280,James,Rodriguez,1,M,BAELS
2025-0281,Joseph,Johnson,1,M,BSBIO-ANBIO
2022-0282,Patricia,Miller,4,F,BSCA
2022-0283,Thomas,Garcia,4,M,BALCS
2025-0284,Richard,Jones,1,M,BAPOLSCI
2022-0285,Patricia,Martinez,4,O,BEED-SCIMAT
2025-0286,Joseph,Jones,1,M,BSCA
2024-0287,Joseph,Rodriguez,2,M,BSIAM
2025-0288,Robert,Davis,1,M,BALCS
2025-0289,Karen,Martinez,1,F,BETESET
2024-0290,Barbara,Davis,2,F,BSEM
2022-0291,David,Jones,4,O,BTVTED-DT
2025-0292,Mary,Smith,1,F,BSESE
2024-0293,Susan,Miller,2,O,BSED-CHEM
2022-0294,Karen,Williams,4,F,BTLED-HOMECO
2022-0295,Mary,Smith,4,F,BAELS
2024-0296,Barbara,Davis,2,F,BSN
2022-0297,Jessica,Brown,4,F,BSN
2022-0298,Jennifer,Jones,4,F,BSN
2024-0299,Mary,Miller,2,O,BSIAM
2023-0300,Jennifer,Davis,3,F,BSEM
2025-0301,John,Davis,1,M,BASOCIO
2022-0302,Elizabeth,Jones,4,O,BETMET
2025-0303,Sarah,Rodriguez,1,O,BPE
2024-0304,Linda,Brown,2,F,BPE
2024-0305,Jessica,Martinez,2,F,BSIT
2023-0306,Mary,Rodriguez,3,O,BSN
2023-0307,Jessica,Johnson,3,O,BSCE
2025-0308,Karen,Miller,1,F,BSCERE
2023-0309,Thomas,Garcia,3,O,BSCHE
2025-0310,Karen,Rodriguez,1,F,BAFIL
2025-0311,Elizabeth,Garcia,1,O,BAFIL
2024-0312,Elizabeth,Johnson,2,F,BETCET
2022-0313,Michael,Garcia,4,O,BSEM
2023-0314,Sarah,Garcia,3,F,BEED-LE
2022-0315,Sarah,Williams,4,F,BETMMT
2025-0316,Jessica,Williams,1,O,BSBIO
2022-0317,Jennifer,Rodriguez,4,O,BSEM
2023-0318,James,Garcia,3,M,BSCPE
2022-0319,James,Jones,4,M,BSSTAT
2023-0320,Linda,Williams,3,F,BTLED-IA
2025-0321,Jessica,Johnson,1,F,BETELET
2022-0322,David,Johnson,4,M,BETESET
2022-0323,Robert,Martinez,4,O,BSA
2025-0324,Karen,Martinez,1,O,BETCHET
2025-0325,Thomas,Miller,1,O,BSIS
2023-0326,Sarah,Jones,3,F,BSSTAT
2025-0327,Robert,Martinez,1,M,BAELS
2024-0328,Richard,Smith,2,M,BSBIO
2022-0329,Mary,Miller,4,F,BSCHE
2024-0330,James,Smith,2,M,BSCPE
2023-0331,Linda,Garcia,3,F,BSPSYCH
2022-0332,Elizabeth,Johnson,4,F,BSED-MAT
2022-0333,Jessica,Garcia,4,O,BAPAN
2023-0334,David,Jones,3,M,BSBA-MM
2025-0335,Thomas,Brown,1,M,BSE
2025-0336,Barbara,Miller,1,F,BSN
2024-0337,David,Smith,2,M,BSIS
2022-0338,Richard,Jones,4,M,BAPSYCH
2022-0339,Karen,Miller,4,O,BSEE
2022-0340,Michael,Garcia,4,M,BTVTED-DT
2024-0341,Karen,Rodriguez,2,F,BSBIO-BOT
2022-0342,David,Jones,4,M,BETESET
2023-0343,Barbara,Williams,3,F,BSME
2025-0344,Patricia,Martinez,1,O,BSHM
2024-0345,Karen,Johnson,2,F,BSEE
2024-0346,James,Davis,2,M,BSN
2023-0347,Joseph,Miller,3,M,BTLED-IA
2025-0348,Richard,Johnson,1,M,BAPSYCH
2022-0349,Karen,Martinez,4,F,BSE
2023-0350,Jessica,Miller,3,F,BSED-BIO
2025-0351,Elizabeth,Martinez,1,F,BSED-PHY
2023-0352,Linda,Martinez,3,F,BSIS
2022-0353,Jennifer,Jones,4,F,BAFIL
2023-0354,Robert,Martinez,3,O,BETESET
2022-0355,Michael,Miller,4,M,BSHM
2024-0356,William,Davis,2,M,BSMAT
2024-0357,Susan,Johnson,2,F,BSESE
2022-0358,William,Brown,4,M,BSCHE
2025-0359,James,Martinez,1,M,BAPHILO
2024-0360,Barbara,Miller,2,O,BSA
2022-0361,Susan,Davis,4,O,BSED-MAT
2023-0362,Susan,Garcia,3,F,BSBIO
2025-0363,James,Rodriguez,1,M,BSMAT
2023-0364,Linda,Martinez,3,O,BSED-BIO
2024-0365,Robert,Brown,2,O,BASOCIO
2025-0366,Thomas,Brown,1,M,BAELS
2023-0367,Sarah,Garcia,3,F,BSED-BIO
2022-0368,Robert,Jones,4,O,BSCHEM
2025-0369,Sarah,Jones,1,F,BEED-SCIMAT
2025-0370,Joseph,Miller,1,M,BSPHY
2025-0371,Barbara,Davis,1,F,BSESE
2025-0372,Jennifer,Johnson,1,O,BAELS
2022-0373,John,Smith,4,M,BAPAN
2022-0374,Richard,Jones,4,M,BSBIO
2023-0375,Sarah,Jones,3,F,BAFIL
2025-0376,Karen,Davis,1,O,BSCA
2022-0377,Jennifer,Martinez,4,F,BAPSYCH
2024-0378,Mary,Williams,2,F,BSCS
2022-0379,Thomas,Davis,4,O,BSCHEM
2025-0380,John,Williams,1,M,BSED-MAT
2025-0381,Susan,Rodriguez,1,O,BAPSYCH
2024-0382,Jennifer,Brown,2,F,BETCET
2025-0383,Linda,Rodriguez,1,O,BSHM
2024-0384,Jessica,Garcia,2,O,BSMB
2025-0385,Barbara,Davis,1,F,BSMAT
2024-0386,Joseph,Martinez,2,M,BAHIS
2025-0387,James,Martinez,1,O,BTLED-IA
2025-0388,Karen,Rodriguez,1,F,BEED-SCIMAT
2024-0389,Elizabeth,Johnson,2,O,BAHIS
2022-0390,Sarah,Martinez,4,F,BSCERE
2024-0391,Patricia,Williams,2,O,BSME
2024-0392,Susan,Johnson,2,F,BAELS
2022-0393,James,Garcia,4,M,BETELET
2025-0394,Patricia,Garcia,1,F,BETELET
2023-0395,Barbara,Davis,3,O,BSSTAT
2023-0396,William,Rodriguez,3,M,BSCS
2023-0397,Patricia,Garcia,3,F,BSENE
2025-0398,Susan,Rodriguez,1,F,BSED-CHEM
2022-0399,John,Martinez,4,O,BSED-FIL
2022-0400,Richard,Rodriguez,4,O,BETCET
2025-0401,Christopher,Miller,1,M,BSBA-MM
2022-0402,Jessica,Garcia,4,O,BAPOLSCI
2025-0403,Linda,Davis,1,F,BSED-FIL
2025-0404,Linda,Williams,1,F,BSBIO-ANBIO
2025-0405,Sarah,Brown,1,F,BSBA-MM
2022-0406,Jennifer,Johnson,4,O,BTLED-HOMECO
2022-0407,Joseph,Johnson,4,M,BSBIO
2022-0408,Robert,Johnson,4,O,BSED-BIO
2022-0409,James,Davis,4,O,BSCS
2024-0410,Mary,Garcia,2,F,BTVTED-DT
2023-0411,Susan,Jones,3,O,BAPSYCH
2025-0412,William,Williams,1,O,BSE
2024-0413,Thomas,Williams,2,M,BSCE
2024-0414,David,Johnson,2,M,BAELS
2022-0415,William,Garcia,4,M,BSESE
2023-0416,Jennifer,Smith,3,F,BSBIO-BOT
2024-0417,Karen,Brown,2,F,BSBA-MM
2023-0418,Karen,Johnson,3,O,BSCPE
2022-0419,Barbara,Martinez,4,F,BSED-BIO
2023-0420,Jessica,Johnson,3,F,BSPSYCH
2025-0421,William,Miller,1,O,BAPHILO
2025-0422,Mary,Brown,1,F,BSCERE
2025-0423,Patricia,Martinez,1,O,BSEM
2022-0424,David,Jones,4,M,BPE
2025-0425,Jessica,Martinez,1,F,BAFIL
2025-0426,David,Garcia,1,M,BSED-CHEM
2024-0427,Elizabeth,Rodriguez,2,F,BSENE
2025-0428,Linda,Jones,1,O,BEED-LE
2024-0429,Mary,Johnson,2,O,BEED-LE
2023-0430,David,Rodriguez,3,M,BALCS
2023-0431,Michael,Davis,3,M,BEED-LE
2024-0432,Thomas,Davis,2,M,BETESET
2023-0433,Robert,Garcia,3,O,BSESE
2023-0434,Robert,Miller,3,O,BEED-SCIMAT
2025-0435,Michael,Smith,1,M,BSME
2023-0436,Elizabeth,Miller,3,F,BALCS
2023-0437,Mary,Garcia,3,F,BSPSYCH
2025-0438,Robert,Jones,1,O,BSN
2022-0439,John,Johnson,4,M,BAFIL
2024-0440,Susan,Martinez,2,F,BSCHEM
2025-0441,Susan,Garcia,1,F,BSED-BIO
2024-0442,Elizabeth,Smith,2,F,BTLED-IA
2024-0443,Sarah,Johnson,2,F,BSCHEM
2025-0444,Susan,Miller,1,F,BSHM
2025-0445,James,Johnson,1,M,BSIT
2024-0446,Richard,Smith,2,M,BSME
2024-0447,Thomas,Brown,2,O,BSIT
2023-0448,Christopher,Garcia,3,M,BEED-LE
2024-0449,Jessica,Martinez,2,O,BSME
2023-0450,Susan,Jones,3,O,BEED-LE
2025-0451,Patricia,Williams,1,F,BSIT
2025-0452,Robert,Davis,1,M,BETCET
2023-0453,Robert,Williams,3,M,BSBIO
2025-0454,Linda,Smith,1,F,BSESE
2023-0455,Robert,Johnson,3,O,BAPSYCH
2023-0456,Elizabeth,Williams,3,F,BSBA-MM
2025-0457,Barbara,Brown,1,F,BSED-PHY
2022-0458,Mary,Jones,4,F,BAHIS
2023-0459,Thomas,Garcia,3,M,BSEM
2025-0460,Jennifer,Martinez,1,F,BSBA-MM
2024-0461,Mary,Martinez,2,O,BETCET
2022-0462,Elizabeth,Brown,4,F,BSBIO
2022-0463,Susan,Smith,4,F,BSBIO
2025-0464,David,Miller,1,O,BSENE
2025-0465,Robert,Miller,1,O,BSME
2023-0466,Susan,Jones,3,O,BSEM
2025-0467,Sarah,Rodriguez,1,F,BSCS
2023-0468,Jennifer,Miller,3,F,BSIT
2022-0469,Karen,Davis,4,F,BAHIS
2025-0470,Robert,Martinez,1,O,BETCHET
2025-0471,Barbara,Brown,1,F,BAPSYCH
2025-0472,Karen,Rodriguez,1,O,BSED-PHY
2025-0473,Richard,Jones,1,M,BETMET
2025-0474,Elizabeth,Johnson,1,F,BSED-BIO
2024-0475,Mary,Miller,2,F,BALCS
2023-0476,Michael,Martinez,3,O,BSPHY
2024-0477,Barbara,Martinez,2,O,BEED-SCIMAT
2022-0478,Michael,Brown,4,M,BASOCIO
2024-0479,Robert,Davis,2,O,BETELET
2024-0480,Christopher,Jones,2,O,BETESET
2025-0481,Barbara,Martinez,1,F,BSHM
2022-0482,Jennifer,Miller,4,F,BSCHEM
2023-0483,Patricia,Rodriguez,3,F,BSCERE
2022-0484,Linda,Rodriguez,4,F,BETMET
2025-0485,Sarah,Williams,1,F,BSPHY
2022-0486,Robert,Martinez,4,M,BETCHET
2022-0487,John,Jones,4,M,BTVTED-DT
2023-0488,Christopher,Smith,3,O,BETMMT
2022-0489,James,Jones,4,O,BPE
2025-0490,David,Garcia,1,M,BETMET
2023-0491,Mary,Williams,3,F,BSBA-MM
2025-0492,Barbara,Davis,1,O,BETESET
2025-0493,Sarah,Miller,1,F,BSSTAT
2023-0494,Robert,Davis,3,M,BAFIL
2024-0495,Thomas,Garcia,2,O,BSBIO-ANBIO
2023-0496,Mary,Jones,3,F,BSED-PHY
2022-0497,Jennifer,Williams,4,O,BAFIL
2024-0498,Christopher,Garcia,2,M,BSCPE
2024-0499,Mary,Martinez,2,O,BSBA-MM
2022-0500,Linda,Garcia,4,O,BSMB
2022-0501,Jennifer,Johnson,4,O,BSBIO-ANBIO
2024-0502,Jessica,Smith,2,O,BETESET
2023-0503,Barbara,Davis,3,O,BSESE
2024-0504,James,Jones,2,M,BSCS
2025-0505,Susan,Martinez,1,F,BSA
2022-0506,James,Jones,4,M,BSCA
2024-0507,Barbara,Brown,2,F,BPE
2024-0508,Robert,Miller,2,O,BSN
2022-0509,Michael,Davis,4,M,BSCA
2025-0510,Richard,Martinez,1,O,BSSTAT
2022-0511,Barbara,Rodriguez,4,O,BSCHE
2022-0512,Elizabeth,Rodriguez,4,F,BAPAN
2023-0513,Joseph,Martinez,3,M,BSED-FIL
2025-0514,Thomas,Brown,1,M,BTVTED-DT
2023-0515,Mary,Davis,3,F,BSSTAT
2025-0516,Elizabeth,Garcia,1,F,BSCERE
2025-0517,Sarah,Smith,1,F,BSMAT
2022-0518,Jessica,Davis,4,F,BETCHET
2025-0519,John,Williams,1,M,BSED-BIO
2025-0520,Jessica,Martinez,1,F,BSED-FIL
2025-0521,Christopher,Davis,1,M,BAPHILO
2023-0522,Thomas,Jones,3,O,BSIT
2023-0523,Michael,Johnson,3,M,BSMETE
2025-0524,Christopher,Smith,1,M,BASOCIO
2024-0525,Joseph,Garcia,2,M,BSBA-MM
2025-0526,John,Martinez,1,O,BSMB
2022-0527,Jessica,Davis,4,O,BSED-CHEM
2024-0528,Barbara,Davis,2,O,BSIT
2022-0529,Elizabeth,Garcia,4,O,BSENE
2023-0530,Karen,Davis,3,F,BSN
2025-0531,Barbara,Garcia,1,O,BSHM
2024-0532,William,Williams,2,M,BSCHEM
2023-0533,David,Jones,3,M,BSPHY
2023-0534,Christopher,Brown,3,O,BSEE
2025-0535,Mary,Rodriguez,1,F,BAELS
2022-0536,Linda,Smith,4,F,BTVTED-DT
2023-0537,Jessica,Miller,3,F,BSIT
2024-0538,Sarah,Miller,2,O,BEED-SCIMAT
2025-0539,Michael,Smith,1,O,BSA
2022-0540,Jennifer,Davis,4,F,BSBIO-ANBIO
2022-0541,Joseph,Garcia,4,M,BSESE
2022-0542,Jessica,Williams,4,O,BTLED-HOMECO
2024-0543,Richard,Miller,2,M,BEED-LE
2022-0544,Thomas,Martinez,4,O,BSED-MAT
2022-0545,Richard,Miller,4,M,BSBA-MM
2025-0546,David,Brown,1,O,BSN
2025-0547,Jennifer,Williams,1,F,BEED-SCIMAT
2023-0548,John,Williams,3,M,BSED-MAT
2023-0549,Karen,Jones,3,F,BSMB
2025-0550,Robert,Davis,1,M,BSCA
2025-0551,Sarah,Smith,1,O,BSMETE
2023-0552,Patricia,Miller,3,F,BSENE
2022-0553,Robert,Williams,4,M,BTLED-IA
2022-0554,Sarah,Williams,4,F,BTLED-IA
2024-0555,Christopher,Williams,2,M,BAELS
2023-0556,Linda,Martinez,3,F,BSED-BIO
2025-0557,Michael,Miller,1,M,BSIS
2023-0558,Richard,Rodriguez,3,M,BSEM
2024-0559,David,Rodriguez,2,M,BAELS
2025-0560,Robert,Brown,1,M,BSCS
2022-0561,David,Brown,4,O,BAFIL
2022-0562,Michael,Smith,4,O,BASOCIO
2024-0563,Joseph,Garcia,2,M,BETCET
2024-0564,Joseph,Brown,2,O,BSED-FIL
2022-0565,Robert,Brown,4,O,BAPAN
2025-0566,Michael,Jones,1,O,BAHIS
2022-0567,Elizabeth,Martinez,4,F,BSCA
2022-0568,Mary,Garcia,4,O,BSPHY
2023-0569,Patricia,Williams,3,F,BETCET
2025-0570,Linda,Miller,1,F,BETELET
2024-0571,Joseph,Davis,2,M,BSCE
2023-0572,Thomas,Davis,3,M,BSIS
2023-0573,Michael,Davis,3,M,BSCS
2024-0574,Patricia,Smith,2,F,BTLED-IA
2025-0575,Michael,Garcia,1,O,BSCPE
2024-0576,John,Johnson,2,M,BAPHILO
2022-0577,William,Garcia,4,O,BSCERE
2023-0578,Jennifer,Smith,3,F,BSCS
2022-0579,Linda,Jones,4,O,BAFIL
2024-0580,Richard,Jones,2,O,BEED-SCIMAT
2025-0581,Christopher,Jones,1,M,BSSTAT
2023-0582,Jessica,Jones,3,F,BAPHILO
2022-0583,John,Rodriguez,4,M,BSPHY
2024-0584,Michael,Garcia,2,O,BSIT
2023-0585,Thomas,Williams,3,M,BAFIL
2022-0586,Jennifer,Davis,4,F,BSBA-MM
2022-0587,John,Garcia,4,M,BETMET
2023-0588,Patricia,Williams,3,F,BSMETE
2024-0589,William,Rodriguez,2,O,BSME
2023-0590,Michael,Rodriguez,3,O,BETELET
2025-0591,David,Rodriguez,1,O,BSCHEM
2024-0592,Patricia,Miller,2,F,BAPHILO
2024-0593,William,Jones,2,O,BSCE
2023-0594,John,Garcia,3,M,BSBA-MM
2022-0595,Michael,Smith,4,O,BSIS
2022-0596,Sarah,Rodriguez,4,F,BSED-CHEM
2025-0597,Thomas,Brown,1,M,BSCA
2023-0598,Jessica,Miller,3,F,BSMETE
2022-0599,Mary,Davis,4,F,BSA
2022-0600,Richard,Davis,4,M,BSED-MAT
2024-0601,Michael,Garcia,2,O,BSED-PHY
2024-0602,Robert,Martinez,2,O,BSMAT
2024-0603,Susan,Martinez,2,F,BSE
2025-0604,Jessica,Johnson,1,F,BEED-SCIMAT
2022-0605,Elizabeth,Johnson,4,F,BSCERE
2024-0606,Patricia,Williams,2,F,BSCS
2024-0607,Christopher,Johnson,2,M,BSESE
2025-0608,Mary,Garcia,1,F,BSMAT
2022-0609,Robert,Williams,4,M,BSMB
2022-0610,Patricia,Davis,4,O,BETMMT
2024-0611,Patricia,Rodriguez,2,O,BSBIO-ANBIO
2024-0612,Thomas,Smith,2,M,BSSTAT
2025-0613,Barbara,Miller,1,F,BSCE
2022-0614,Jessica,Rodriguez,4,O,BSCHEM
2023-0615,Linda,Martinez,3,O,BSHM
2025-0616,Richard,Johnson,1,M,BAFIL
2022-0617,David,Rodriguez,4,M,BAPOLSCI
2022-0618,William,Miller,4,O,BAPOLSCI
2024-0619,Mary,Williams,2,F,BSCS
2024-0620,Richard,Davis,2,M,BSE
2022-0621,Richard,Johnson,4,M,BETCET
2025-0622,William,Williams,1,M,BSMAT
2024-0623,Karen,Davis,2,O,BAFIL
2025-0624,Joseph,Garcia,1,O,BSCPE
2023-0625,Robert,Brown,3,M,BSED-FIL
2022-0626,Michael,Garcia,4,M,BSED-MAT
2024-0627,Jessica,Johnson,2,F,BSPHY
2025-0628,Sarah,Jones,1,F,BPE
2025-0629,Richard,Martinez,1,M,BAPOLSCI
2025-0630,Thomas,Garcia,1,O,BSBIO-ANBIO
2025-0631,Thomas,Garcia,1,M,BSED-MAT
2023-0632,Christopher,Jones,3,M,BSPHY
2025-0633,Mary,Davis,1,O,BSED-BIO
2024-0634,Elizabeth,Williams,2,O,BSPHY
2023-0635,Susan,Rodriguez,3,O,BSBIO-ANBIO
2022-0636,Robert,Garcia,4,O,BSCE
2025-0637,Karen,Smith,1,F,BSMB
2024-0638,Thomas,Martinez,2,M,BSESE
2025-0639,Richard,Brown,1,M,BAPOLSCI
2024-0640,Joseph,Miller,2,O,BSSTAT
2025-0641,Richard,Johnson,1,M,BASOCIO
2025-0642,Susan,Miller,1,F,BSED-CHEM
2025-0643,Patricia,Johnson,1,F,BAPSYCH
2023-0644,Sarah,Davis,3,F,BSSTAT
2025-0645,Linda,Smith,1,O,BSMAT
2024-0646,Mary,Miller,2,F,BSCERE
2024-0647,David,Williams,2,M,BETESET
2023-0648,Jennifer,Johnson,3,F,BALCS
2025-0649,Linda,Smith,1,F,BAPAN
2025-0650,Richard,Martinez,1,M,BETESET
2025-0651,Linda,Johnson,1,O,BSA
2024-0652,Patricia,Jones,2,O,BETCHET
2024-0653,Robert,Miller,2,O,BSESE
2024-0654,Michael,Williams,2,O,BTLED-HOMECO
2022-0655,Susan,Brown,4,F,BPE
2022-0656,Robert,Johnson,4,M,BSHM
2025-0657,Robert,Jones,1,O,BSCHEM
2024-0658,Karen,Johnson,2,F,BSIAM
2022-0659,Thomas,Smith,4,O,BEED-SCIMAT
2025-0660,Richard,Miller,1,O,BSEE
2022-0661,Linda,Rodriguez,4,F,BAPOLSCI
2022-0662,Jennifer,Rodriguez,4,F,BAHIS
2023-0663,Michael,Martinez,3,M,BETCHET
2025-0664,John,Garcia,1,O,BSESE
2023-0665,Elizabeth,Brown,3,O,BALCS
2023-0666,Christopher,Williams,3,M,BSPSYCH
2023-0667,John,Williams,3,O,BSPSYCH
2025-0668,Barbara,Davis,1,O,BSED-PHY
2022-0669,David,Brown,4,M,BSBIO-BOT
2022-0670,John,Johnson,4,M,BSCHEM
2023-0671,Thomas,Davis,3,M,BSBIO-ANBIO
2022-0672,Barbara,Johnson,4,O,BSCHE
2022-0673,William,Martinez,4,M,BSCS
2022-0674,Susan,Smith,4,O,BSHM
2022-0675,Michael,Brown,4,M,BSCERE
2024-0676,James,Davis,2,M,BTLED-IA
2022-0677,Thomas,Williams,4,M,BSESE
2022-0678,Susan,Rodriguez,4,F,BSCHE
2022-0679,Robert,Smith,4,M,BASOCIO
2022-0680,Susan,Smith,4,F,BSIT
2022-0681,John,Brown,4,M,BSMETE
2023-0682,Christopher,Rodriguez,3,O,BSIT
2023-0683,Linda,Johnson,3,F,BSA
2024-0684,Joseph,Garcia,2,M,BSN
2025-0685,Christopher,Rodriguez,1,M,BSIS
2024-0686,Sarah,Brown,2,F,BSENE
2024-0687,Christopher,Garcia,2,M,BAPSYCH
2025-0688,Christopher,Johnson,1,M,BETCHET
2024-0689,Joseph,Davis,2,M,BTLED-HOMECO
2025-0690,Joseph,Garcia,1,O,BSHM
2024-0691,Elizabeth,Garcia,2,F,BAPAN
2022-0692,Karen,Brown,4,F,BTLED-IA
2022-0693,Christopher,Jones,4,O,BAPAN
2022-0694,Barbara,Jones,4,F,BSIT
2024-0695,Jessica,Davis,2,F,BSPSYCH
2022-0696,Karen,Martinez,4,O,BSED-CHEM
2023-0697,Thomas,Martinez,3,M,BSED-MAT
2024-0698,Linda,Brown,2,F,BSBIO
2023-0699,John,Johnson,3,M,BPE
2022-0700,Joseph,Davis,4,O,BSBA-MM
2024-0701,Sarah,Miller,2,F,BSSTAT
2023-0702,Barbara,Smith,3,F,BSEE
2022-0703,William,Smith,4,M,BSED-BIO
2024-0704,Elizabeth,Rodriguez,2,F,BSE
2022-0705,Linda,Garcia,4,F,BSMETE
2024-0706,Linda,Davis,2,O,BSPSYCH
2022-0707,John,Rodriguez,4,M,BSIS
2022-0708,David,Rodriguez,4,M,BSBIO-BOT
2024-0709,Barbara,Martinez,2,F,BAPOLSCI
2025-0710,William,Johnson,1,M,BETMMT
2022-0711,Barbara,Rodriguez,4,O,BSN
2022-0712,Michael,Brown,4,M,BSE
2024-0713,Jessica,Martinez,2,F,BAFIL
2024-0714,Susan,Martinez,2,O,BEED-LE
2023-0715,Barbara,Williams,3,F,BSESE
2023-0716,Robert,Miller,3,M,BAPAN
2022-0717,Mary,Brown,4,F,BSCE
2023-0718,Robert,Rodriguez,3,M,BSIAM
2022-0719,Jessica,Johnson,4,O,BSCHEM
2024-0720,Mary,Martinez,2,F,BEED-SCIMAT
2024-0721,Richard,Smith,2,M,BETMMT
2023-0722,Richard,Jones,3,M,BSSTAT
2025-0723,Jennifer,Rodriguez,1,F,BETESET
2022-0724,Susan,Davis,4,F,BAFIL
2022-0725,Michael,Jones,4,M,BSEE
2022-0726,Mary,Johnson,4,O,BEED-LE
2023-0727,Jennifer,Johnson,3,F,BPE
2024-0728,Barbara,Johnson,2,F,BSCS
2025-0729,David,Miller,1,M,BAELS
2024-0730,Joseph,Williams,2,M,BSHM
2025-0731,Robert,Garcia,1,M,BSCHEM
2022-0732,Mary,Johnson,4,F,BAFIL
2025-0733,Richard,Johnson,1,O,BSCPE
2024-0734,Susan,Smith,2,F,BSED-CHEM
2024-0735,Richard,Smith,2,M,BTVTED-DT
2023-0736,Jessica,Brown,3,F,BSED-CHEM
2025-0737,Jennifer,Williams,1,F,BSED-FIL
2023-0738,Elizabeth,Jones,3,F,BAELS
2025-0739,Jennifer,Brown,1,F,BSMB
2024-0740,David,Davis,2,O,BASOCIO
2024-0741,John,Garcia,2,O,BSCS
2024-0742,Patricia,Williams,2,F,BSIS
2025-0743,Sarah,Jones,1,F,BSENE
2024-0744,Joseph,Smith,2,O,BSBA-MM
2024-0745,Richard,Brown,2,M,BSBIO-BOT
2022-0746,Richard,Garcia,4,O,BSED-MAT
2025-0747,Karen,Brown,1,F,BSMETE
2024-0748,Barbara,Williams,2,O,BSEM
2022-0749,Thomas,Martinez,4,O,BSCS
2025-0750,Barbara,Martinez,1,F,BSA
2023-0751,Susan,Davis,3,F,BEED-SCIMAT
2024-0752,Susan,Miller,2,F,BSCE
2025-0753,Joseph,Davis,1,M,BETELET
2022-0754,Robert,Rodriguez,4,M,BSCA
2022-0755,Karen,Smith,4,O,BSCHEM
2024-0756,John,Martinez,2,M,BETMMT
2025-0757,Linda,Brown,1,F,BAPOLSCI
2024-0758,Michael,Johnson,2,O,BSCA
2022-0759,David,Jones,4,M,BSIAM
2025-0760,William,Johnson,1,M,BSN
2024-0761,Jessica,Williams,2,F,BSMETE
2022-0762,Susan,Martinez,4,O,BTVTED-DT
2023-0763,Robert,Johnson,3,M,BSESE
2024-0764,Linda,Rodriguez,2,F,BTLED-HOMECO
2022-0765,James,Miller,4,M,BSE
2022-0766,Susan,Miller,4,O,BSBA-MM
2024-0767,Richard,Davis,2,M,BSCERE
2023-0768,Mary,Johnson,3,F,BAPSYCH
2024-0769,Karen,Jones,2,F,BETMMT
2024-0770,Karen,Brown,2,F,BSE
2022-0771,Thomas,Brown,4,M,BEED-LE
2023-0772,Susan,Davis,3,O,BSMB
2022-0773,David,Smith,4,M,BALCS
2023-0774,John,Garcia,3,M,BETESET
2022-0775,Sarah,Johnson,4,F,BALCS
2025-0776,Patricia,Brown,1,F,BSME
2023-0777,Richard,Martinez,3,M,BSCA
2022-0778,Susan,Williams,4,O,BSIT
2022-0779,Susan,Jones,4,F,BEED-LE
2022-0780,Susan,Williams,4,F,BSHM
2024-0781,Jennifer,Jones,2,O,BAPHILO
2024-0782,Karen,Johnson,2,F,BSEE
2023-0783,Elizabeth,Rodriguez,3,O,BSEE
2024-0784,Robert,Brown,2,O,BSED-PHY
2024-0785,Joseph,Brown,2,M,BSN
2023-0786,Thomas,Rodriguez,3,M,BSIT
2022-0787,Robert,Davis,4,O,BPE
2023-0788,Elizabeth,Jones,3,O,BSEE
2024-0789,Susan,Brown,2,F,BSED-MAT
2024-0790,Sarah,Brown,2,O,BAPSYCH
2022-0791,David,Rodriguez,4,M,BETELET
2025-0792,Jennifer,Williams,1,O,BTLED-HOMECO
2023-0793,Robert,Smith,3,O,BSBA-MM
2023-0794,William,Martinez,3,O,BSEM
2022-0795,Barbara,Williams,4,F,BAPAN
2025-0796,Mary,Davis,1,O,BETELET
2025-0797,Richard,Miller,1,M,BSBIO
2022-0798,Robert,Martinez,4,O,BSED-PHY
2023-0799,Mary,Jones,3,F,BETCHET
2025-0800,Elizabeth,Miller,1,F,BPE
2025-0801,Jessica,Garcia,1,F,BAHIS
2024-0802,Jessica,Rodriguez,2,F,BSBIO-BOT
2022-0803,John,Miller,4,O,BAPAN
2025-0804,Christopher,Martinez,1,M,BSCERE
2023-0805,David,Johnson,3,M,BSED-MAT
2025-0806,Jennifer,Johnson,1,F,BSA
2022-0807,Richard,Smith,4,O,BSCPE
2022-0808,Thomas,Garcia,4,O,BETMET
2024-0809,Mary,Garcia,2,O,BSED-CHEM
2023-0810,Jessica,Smith,3,F,BTVTED-DT
2024-0811,Jessica,Miller,2,O,BAELS
2023-0812,William,Miller,3,M,BSMB
2023-0813,Elizabeth,Jones,3,O,BAELS
2022-0814,Christopher,Williams,4,M,BAHIS
2024-0815,Thomas,Johnson,2,M,BAPHILO
2025-0816,Joseph,Brown,1,M,BSPSYCH
2025-0817,Barbara,Johnson,1,O,BSA
2022-0818,Elizabeth,Jones,4,F,BSESE
2022-0819,Patricia,Jones,4,F,BSCA
2025-0820,Richard,Smith,1,M,BSSTAT
2025-0821,Sarah,Williams,1,F,BSN
2025-0822,James,Martinez,1,O,BSIT
2022-0823,Michael,Smith,4,M,BETCHET
2023-0824,Barbara,Garcia,3,O,BSMETE
2024-0825,Jessica,Garcia,2,F,BAPSYCH
2022-0826,James,Williams,4,M,BSA
2025-0827,Karen,Jones,1,F,BSENE
2022-0828,Patricia,Brown,4,O,BSPHY
2023-0829,Jennifer,Garcia,3,F,BSCERE
2024-0830,Jennifer,Davis,2,O,BSHM
2023-0831,Mary,Williams,3,F,BSBIO
2025-0832,Susan,Rodriguez,1,O,BSCS
2024-0833,Jessica,Garcia,2,F,BAFIL
2025-0834,Christopher,Davis,1,M,BSPHY
2024-0835,James,Garcia,2,M,BETMET
2022-0836,Linda,Rodriguez,4,O,BSED-PHY
2023-0837,William,Garcia,3,M,BTLED-HOMECO
2023-0838,Karen,Davis,3,F,BSA
2022-0839,Jessica,Jones,4,F,BETMMT
2023-0840,John,Rodriguez,3,M,BEED-LE
2022-0841,James,Davis,4,O,BSBA-MM
2022-0842,David,Garcia,4,M,BSCS
2025-0843,John,Garcia,1,O,BETELET
2024-0844,Thomas,Smith,2,M,BETMMT
2024-0845,Mary,Williams,2,O,BSBA-MM
2022-0846,William,Garcia,4,O,BSMETE
2024-0847,Elizabeth,Rodriguez,2,F,BAPHILO
2023-0848,Karen,Davis,3,F,BSPSYCH
2025-0849,Joseph,Johnson,1,O,BSME
2023-0850,Joseph,Miller,3,M,BSCPE
2025-0851,James,Brown,1,M,BSEE
2022-0852,Joseph,Martinez,4,M,BSME
2025-0853,William,Miller,1,O,BSBIO
2024-0854,Mary,Garcia,2,F,BETELET
2025-0855,Susan,Rodriguez,1,O,BAPHILO
2023-0856,Susan,Williams,3,F,BSPSYCH
2022-0857,Mary,Martinez,4,O,BAPHILO
2024-0858,Patricia,Rodriguez,2,F,BSED-MAT
2023-0859,Thomas,Rodriguez,3,M,BSA
2025-0860,Michael,Martinez,1,M,BETMET
2025-0861,Jennifer,Smith,1,F,BSMB
2025-0862,Susan,Miller,1,O,BSCA
2025-0863,Christopher,Garcia,1,O,BSCERE
2025-0864,William,Brown,1,M,BAFIL
2024-0865,James,Smith,2,O,BSCHEM
2023-0866,James,Johnson,3,M,BAPSYCH
2024-0867,Barbara,Johnson,2,F,BSCPE
2023-0868,John,Smith,3,O,BSCA
2023-0869,Elizabeth,Davis,3,F,BSCHE
2022-0870,Christopher,Davis,4,M,BETELET
2024-0871,Barbara,Smith,2,O,BSE
2022-0872,Mary,Smith,4,O,BETCET
2023-0873,Mary,Jones,3,F,BSESE
2023-0874,Mary,Jones,3,F,BALCS
2024-0875,Robert,Williams,2,O,BETESET
2024-0876,Thomas,Jones,2,M,BSBIO-BOT
2022-0877,Linda,Miller,4,O,BSED-PHY
2024-0878,Jennifer,Davis,2,F,BSED-CHEM
2023-0879,Jessica,Jones,3,O,BSIS
2024-0880,Richard,Johnson,2,M,BSENE
2023-0881,Patricia,Jones,3,O,BSIS
2024-0882,James,Brown,2,M,BSPSYCH
2024-0883,John,Williams,2,O,BSEM
2022-0884,Mary,Smith,4,F,BSIT
2023-0885,William,Davis,3,M,BSED-MAT
2023-0886,Mary,Smith,3,F,BTVTED-DT
2024-0887,Richard,Brown,2,O,BSCA
2023-0888,Christopher,Miller,3,O,BSMETE
2024-0889,Karen,Rodriguez,2,F,BAPSYCH
2022-0890,William,Miller,4,M,BAELS
2025-0891,Linda,Garcia,1,F,BSED-BIO
2022-0892,Richard,Williams,4,M,BSED-CHEM
2022-0893,Richard,Jones,4,O,BSED-PHY
2025-0894,Linda,Martinez,1,F,BSBIO-BOT
2023-0895,James,Rodriguez,3,M,BETELET
2024-0896,Linda,Garcia,2,O,BEED-LE
2024-0897,Joseph,Smith,2,M,BSED-BIO
2022-0898,Mary,Brown,4,O,BSCHE
2023-0899,Sarah,Smith,3,F,BPE
2023-0900,Linda,Martinez,3,F,BSA
2024-0901,Thomas,Rodriguez,2,O,BSIT
2022-0902,John,Garcia,4,O,BSEE
2024-0903,Patricia,Martinez,2,F,BSENE
2022-0904,Jessica,Martinez,4,O,BETCHET
2024-0905,Barbara,Rodriguez,2,F,BSBA-MM
2022-0906,Linda,Miller,4,F,BETMMT
2025-0907,Susan,Johnson,1,F,BSIS
2025-0908,Mary,Jones,1,O,BAHIS
2024-0909,James,Davis,2,O,BTLED-HOMECO
2024-0910,Elizabeth,Rodriguez,2,F,BSBIO-BOT
2025-0911,Thomas,Brown,1,M,BSA
2023-0912,Robert,Garcia,3,O,BSN
2025-0913,Sarah,Miller,1,O,BSED-CHEM
2024-0914,Linda,Jones,2,F,BSME
2024-0915,Robert,Rodriguez,2,M,BPE
2024-0916,Michael,Rodriguez,2,M,BALCS
2025-0917,David,Smith,1,M,BTLED-IA
2022-0918,Barbara,Garcia,4,F,BSED-PHY
2023-0919,Linda,Williams,3,O,BALCS
2025-0920,Robert,Martinez,1,O,BSME
2022-0921,Elizabeth,Martinez,4,F,BSA
2023-0922,Michael,Johnson,3,M,BSBIO-ANBIO
2022-0923,David,Davis,4,O,BSBA-MM
2025-0924,James,Brown,1,M,BSCHE
2024-0925,Karen,Davis,2,O,BSESE
2023-0926,John,Rodriguez,3,M,BPE
2024-0927,Richard,Smith,2,M,BSN
2022-0928,Barbara,Smith,4,F,BTLED-HOMECO
2022-0929,John,Brown,4,O,BSCERE
2022-0930,John,Miller,4,M,BSBA-MM
2023-0931,Michael,Williams,3,M,BSCHE
2025-0932,James,Miller,1,O,BEED-SCIMAT
2025-0933,Richard,Miller,1,O,BTVTED-DT
2024-0934,Karen,Miller,2,O,BSIAM
2025-0935,Susan,Miller,1,F,BETMET
2022-0936,David,Smith,4,M,BSMAT
2024-0937,Richard,Martinez,2,M,BSBIO-BOT
2023-0938,John,Davis,3,M,BSCERE
2024-0939,Sarah,Williams,2,O,BETELET
2022-0940,Thomas,Williams,4,M,BSIT
2024-0941,Elizabeth,Rodriguez,2,F,BAPSYCH
2024-0942,Susan,Williams,2,F,BSENE
2025-0943,Mary,Brown,1,O,BSCE
2023-0944,Barbara,Williams,3,O,BSMB
2022-0945,Christopher,Brown,4,M,BEED-SCIMAT
2022-0946,Robert,Jones,4,M,BSMETE
2025-0947,James,Johnson,1,O,BSENE
2022-0948,Barbara,Garcia,4,F,BETELET
2025-0949,Michael,Smith,1,O,BSSTAT
2023-0950,Robert,Davis,3,M,BSHM
2025-0951,Patricia,Smith,1,O,BALCS
2025-0952,Richard,Martinez,1,M,BSED-FIL
2024-0953,Thomas,Garcia,2,M,BSCERE
2023-0954,Susan,Brown,3,F,BTLED-HOMECO
2025-0955,Thomas,Brown,1,M,BSED-FIL
2022-0956,Thomas,Garcia,4,M,BSCPE
2023-0957,Thomas,Williams,3,O,BSED-PHY
2023-0958,Elizabeth,Miller,3,F,BSCHE
2024-0959,Barbara,Williams,2,O,BSED-BIO
2024-0960,Robert,Johnson,2,M,BETESET
2022-0961,Jennifer,Martinez,4,F,BSPHY
2025-0962,Mary,Brown,1,F,BSESE
2022-0963,Jessica,Smith,4,F,BPE
2024-0964,Karen,Smith,2,O,BPE
2024-0965,Susan,Martinez,2,O,BSHM
2022-0966,James,Miller,4,M,BSED-PHY
2023-0967,Christopher,Williams,3,M,BEED-LE
2022-0968,Susan,Brown,4,F,BETMET
2025-0969,Richard,Garcia,1,M,BSEM
2025-0970,Sarah,Rodriguez,1,F,BSED-MAT
2025-0971,Mary,Smith,1,F,BSESE
2024-0972,John,Miller,2,M,BSED-FIL
2023-0973,William,Johnson,3,M,BSA
2023-0974,John,Martinez,3,O,BSIT
2023-0975,Sarah,Johnson,3,O,BSMB
2023-0976,Barbara,Miller,3,O,BSESE
2024-0977,Joseph,Brown,2,O,BETMET
2024-0978,Sarah,Rodriguez,2,F,BAPOLSCI
2024-0979,Jennifer,Rodriguez,2,O,BSME
2022-0980,Patricia,Martinez,4,O,BSED-MAT
2023-0981,William,Brown,3,M,BAPOLSCI
2022-0982,Jessica,Rodriguez,4,O,BSA
2022-0983,Jennifer,Miller,4,O,BETCHET
2025-0984,Linda,Rodriguez,1,F,BSMB
2025-0985,Jennifer,Smith,1,O,BAHIS
2024-0986,Karen,Johnson,2,F,BSIT
2025-0987,John,Davis,1,O,BPE
2025-0988,Mary,Garcia,1,O,BSPHY
2024-0989,William,Smith,2,M,BSBIO
2025-0990,Jessica,Brown,1,F,BSHM
2024-0991,James,Brown,2,M,BSBIO-ANBIO
2022-0992,Richard,Garcia,4,M,BSED-MAT
2025-0993,Barbara,Jones,1,F,BSMAT
2022-0994,Thomas,Miller,4,O,BTVTED-DT
2024-0995,John,Davis,2,O,BSCS
2024-0996,Thomas,Johnson,2,O,BSCS
2024-0997,Linda,Martinez,2,F,BETMET
2022-0998,James,Davis,4,M,BSEE
2022-0999,James,Garcia,4,M,BSE
2024-1000,Richard,Williams,2,M,BETMET
2024-1001,Barbara,Jones,2,O,BETELET
2024-1002,Karen,Brown,2,O,BSED-BIO
2022-1003,Barbara,Smith,4,F,BPE
2025-1004,Sarah,Davis,1,F,BSENE
2024-1005,Karen,Rodriguez,2,F,BSE
2022-1006,Elizabeth,Williams,4,O,BSIAM
2023-1007,Linda,Williams,3,F,BALCS
2025-1008,Linda,Jones,1,F,BSBIO
2024-1009,Robert,Brown,2,M,BSBIO
2025-1010,Richard,Garcia,1,M,BETMMT
2024-1011,John,Williams,2,M,BAPAN
2023-1012,Mary,Smith,3,F,BSCPE
2023-1013,Christopher,Davis,3,M,BETMET
2025-1014,Mary,Garcia,1,F,BSMAT
2023-1015,Linda,Rodriguez,3,F,BSCHE
2025-1016,Jessica,Davis,1,F,BSCE
2022-1017,Karen,Miller,4,O,BAELS
2022-1018,Joseph,Jones,4,O,BSN
2025-1019,Robert,Smith,1,M,BSCHE
2024-1020,Elizabeth,Brown,2,O,BEED-LE
2023-1021,Barbara,Miller,3,F,BAPOLSCI
2025-1022,Linda,Jones,1,F,BSIAM
2025-1023,Susan,Brown,1,F,BSPHY
2022-1024,Barbara,Garcia,4,F,BSMB
2024-1025,Mary,Johnson,2,F,BTVTED-DT
2022-1026,Jessica,Rodriguez,4,F,BALCS
2025-1027,Jennifer,Garcia,1,O,BSBIO
2025-1028,Richard,Miller,1,M,BAELS
2025-1029,Christopher,Martinez,1,O,BAHIS
2024-1030,Linda,Jones,2,O,BSCERE
2025-1031,Michael,Rodriguez,1,O,BAHIS
2025-1032,Joseph,Williams,1,M,BAELS
2023-1033,Jennifer,Miller,3,O,BSCE
2024-1034,Karen,Miller,2,F,BAHIS
2023-1035,Mary,Williams,3,O,BSPSYCH
2022-1036,William,Williams,4,M,BTVTED-DT
2023-1037,Robert,Jones,3,M,BSIT
2024-1038,Elizabeth,Jones,2,F,BSBIO-BOT
2023-1039,Mary,Williams,3,F,BPE
2023-1040,James,Rodriguez,3,O,BSED-CHEM
2022-1041,Jennifer,Martinez,4,O,BSCA
2025-1042,William,Davis,1,M,BSCPE
2025-1043,Barbara,Martinez,1,O,BSPHY
2025-1044,James,Smith,1,O,BSA
2023-1045,Michael,Martinez,3,O,BSENE
2022-1046,Linda,Davis,4,O,BSED-MAT
2024-1047,Mary,Garcia,2,O,BSPHY
2022-1048,Karen,Johnson,4,F,BTLED-IA
2024-1049,Jessica,Garcia,2,O,BALCS
2023-1050,Patricia,Jones,3,F,BTLED-HOMECO
2023-1051,Susan,Davis,3,O,BETELET
2023-1052,James,Miller,3,M,BSCHE
2025-1053,Robert,Jones,1,M,BSENE
2023-1054,James,Davis,3,M,BSCE
2023-1055,Richard,Martinez,3,M,BETCHET
2024-1056,Richard,Jones,2,M,BAHIS
2023-1057,Michael,Davis,3,M,BTVTED-DT
2025-1058,Karen,Miller,1,F,BEED-LE
2022-1059,Joseph,Williams,4,O,BSA
2025-1060,Elizabeth,Martinez,1,F,BSPHY
2024-1061,James,Jones,2,O,BPE
2024-1062,Linda,Jones,2,F,BTLED-IA
2022-1063,Elizabeth,Johnson,4,F,BSE
2023-1064,John,Smith,3,M,BSBIO
2022-1065,John,Smith,4,O,BSCA
2025-1066,Karen,Jones,1,F,BSED-FIL
2025-1067,Sarah,Johnson,1,F,BSED-MAT
2024-1068,Sarah,Davis,2,O,BAPHILO
2024-1069,Karen,Martinez,2,F,BTLED-HOMECO
2023-1070,Patricia,Miller,3,F,BSSTAT
2023-1071,Susan,Jones,3,O,BSMETE
2025-1072,Christopher,Miller,1,M,BSEM
2024-1073,Linda,Rodriguez,2,O,BSCHEM
2025-1074,Jennifer,Brown,1,O,BSE
2023-1075,Karen,Williams,3,F,BSCA
2022-1076,David,Jones,4,M,BAELS
2022-1077,James,Jones,4,O,BETELET
2025-1078,Karen,Martinez,1,O,BSBIO-ANBIO
2024-1079,Thomas,Jones,2,O,BETMMT
2024-1080,Sarah,Williams,2,O,BSPHY
2024-1081,William,Davis,2,O,BAPOLSCI
2025-1082,Mary,Rodriguez,1,O,BSCE
2024-1083,Susan,Johnson,2,F,BETCET
2023-1084,Elizabeth,Brown,3,F,BSBIO-BOT
2024-1085,Mary,Garcia,2,O,BSMETE
2023-1086,Susan,Martinez,3,F,BSIS
2025-1087,James,Johnson,1,O,BSED-PHY
2024-1088,James,Brown,2,M,BSCHEM
2022-1089,Elizabeth,Rodriguez,4,F,BSMAT
2025-1090,John,Miller,1,O,BTVTED-DT
2022-1091,John,Williams,4,M,BSCHE
2022-1092,Joseph,Davis,4,M,BSED-PHY
2023-1093,Sarah,Martinez,3,O,BTLED-HOMECO
2024-1094,Elizabeth,Davis,2,F,BTVTED-DT
2022-1095,Barbara,Brown,4,F,BSBIO-ANBIO
2022-1096,Barbara,Smith,4,F,BALCS
2024-1097,Sarah,Martinez,2,F,BTVTED-DT
2023-1098,Christopher,Davis,3,O,BSESE
2023-1099,Karen,Smith,3,O,BAPAN
2022-1100,James,Garcia,4,O,BSMETE
2024-1101,John,Miller,2,M,BEED-SCIMAT
2022-1102,Robert,Williams,4,O,BSPHY
2022-1103,Richard,Jones,4,M,BSIT
2025-1104,Christopher,Rodriguez,1,O,BSBIO
2025-1105,James,Garcia,1,M,BAPAN
2025-1106,Jennifer,Jones,1,F,BAPHILO
2023-1107,Joseph,Miller,3,M,BSBIO-ANBIO
2025-1108,Michael,Williams,1,O,BTLED-HOMECO
2023-1109,Christopher,Brown,3,M,BSHM
2025-1110,Christopher,Martinez,1,O,BSEM
2025-1111,Jessica,Brown,1,F,BSCE
2025-1112,James,Williams,1,M,BSED-BIO
2025-1113,David,Martinez,1,O,BSBIO-ANBIO
2023-1114,Sarah,Garcia,3,O,BSIS
2024-1115,Thomas,Miller,2,M,BSCERE
2024-1116,James,Williams,2,O,BSBIO-BOT
2025-1117,Linda,Johnson,1,F,BSEE
2025-1118,James,Davis,1,M,BSIS
2025-1119,Thomas,Miller,1,M,BETCET
2022-1120,Susan,Garcia,4,F,BAFIL
2025-1121,David,Miller,1,O,BAPAN
2022-1122,Richard,Brown,4,M,BSMETE
2025-1123,Michael,Smith,1,M,BTLED-HOMECO
2025-1124,Jessica,Johnson,1,F,BETESET
2022-1125,Elizabeth,Miller,4,F,BSESE
2023-1126,Susan,Martinez,3,O,BTLED-HOMECO
2025-1127,John,Johnson,1,M,BAHIS
2024-1128,David,Smith,2,M,BSME
2024-1129,Joseph,Smith,2,M,BETCET
2022-1130,Thomas,Jones,4,M,BSCHEM
2023-1131,Sarah,Williams,3,F,BSHM
2025-1132,Jennifer,Smith,1,O,BEED-LE
2022-1133,Michael,Smith,4,M,BSIT
2025-1134,Richard,Rodriguez,1,O,BSCHE
2025-1135,Robert,Martinez,1,M,BSIT
2023-1136,Barbara,Martinez,3,F,BSED-FIL
2023-1137,Christopher,Brown,3,O,BETCHET
2023-1138,Linda,Miller,3,O,BSCA
2025-1139,Richard,Garcia,1,M,BSED-BIO
2023-1140,Thomas,Martinez,3,M,BTVTED-DT
2024-1141,Thomas,Rodriguez,2,M,BSMAT
2023-1142,Elizabeth,Brown,3,O,BSED-CHEM
2025-1143,Susan,Johnson,1,F,BSSTAT
2025-1144,Richard,Davis,1,M,BTLED-HOMECO
2025-1145,Sarah,Brown,1,F,BSMAT
2025-1146,Sarah,Smith,1,F,BSEM
2024-1147,Susan,Martinez,2,O,BAPSYCH
2024-1148,Robert,Johnson,2,M,BSME
2024-1149,David,Brown,2,M,BSCERE
2023-1150,Jennifer,Davis,3,O,BSIAM
2025-1151,William,Jones,1,M,BAFIL
2025-1152,Richard,Johnson,1,M,BETCET
2022-1153,Jessica,Smith,4,F,BEED-LE
2024-1154,Barbara,Davis,2,F,BSCPE
2024-1155,John,Miller,2,M,BEED-LE
2024-1156,Joseph,Rodriguez,2,M,BETMET
2024-1157,Robert,Smith,2,M,BSN
2023-1158,Linda,Williams,3,O,BSEM
2022-1159,William,Johnson,4,M,BSMB
2025-1160,William,Smith,1,M,BTVTED-DT
2025-1161,Karen,Garcia,1,F,BETESET
2024-1162,Linda,Rodriguez,2,F,BETMET
2024-1163,Michael,Johnson,2,M,BSMAT
2025-1164,Barbara,Davis,1,F,BAHIS
2022-1165,Christopher,Johnson,4,M,BETCET
2024-1166,Michael,Rodriguez,2,O,BETELET
2025-1167,James,Martinez,1,M,BSMB
2022-1168,Michael,Rodriguez,4,M,BSED-MAT
2025-1169,Patricia,Martinez,1,O,BALCS
2024-1170,Karen,Smith,2,F,BSCS
2023-1171,Elizabeth,Garcia,3,F,BAPSYCH
2022-1172,Christopher,Garcia,4,M,BSED-CHEM
2022-1173,Jessica,Miller,4,O,BTVTED-DT
2025-1174,Karen,Johnson,1,F,BAFIL
2025-1175,Michael,Johnson,1,M,BSCERE
2024-1176,Robert,Johnson,2,O,BSMB
2022-1177,Barbara,Garcia,4,O,BSCA
2024-1178,Christopher,Smith,2,M,BSED-BIO
2025-1179,Mary,Jones,1,O,BAHIS
2023-1180,Patricia,Miller,3,F,BTVTED-DT
2024-1181,Elizabeth,Johnson,2,F,BSCA
2025-1182,Christopher,Williams,1,M,BSPHY
2024-1183,Thomas,Williams,2,M,BSCHE
2025-1184,Sarah,Williams,1,O,BSEE
2024-1185,Patricia,Smith,2,F,BSMETE
2023-1186,Karen,Jones,3,O,BALCS
2025-1187,James,Garcia,1,M,BSIAM
2022-1188,Jennifer,Rodriguez,4,O,BETCHET
2025-1189,Joseph,Rodriguez,1,O,BASOCIO
2022-1190,Christopher,Johnson,4,M,BETMET
2022-1191,Joseph,Rodriguez,4,O,BTVTED-DT
2022-1192,Jessica,Brown,4,O,BEED-LE
2024-1193,Jessica,Miller,2,F,BSCA
2025-1194,Joseph,Brown,1,M,BAPOLSCI
2025-1195,Thomas,Garcia,1,M,BSHM
2022-1196,Richard,Jones,4,O,BSCERE
2025-1197,Sarah,Garcia,1,F,BSBA-MM
2023-1198,Jennifer,Brown,3,O,BSSTAT
2022-1199,Mary,Jones,4,F,BSE
2023-1200,Joseph,Smith,3,M,BAELS
2023-1201,Thomas,Garcia,3,M,BALCS
2022-1202,Patricia,Jones,4,F,BSME
2023-1203,Sarah,Williams,3,F,BETCET
2023-1204,Karen,Jones,3,F,BSCHEM
2023-1205,Robert,Brown,3,M,BSEM
2025-1206,Michael,Johnson,1,M,BETMET
2025-1207,John,Smith,1,O,BSEE
2025-1208,Michael,Martinez,1,O,BSCHE
2023-1209,Michael,Williams,3,M,BSCERE
2023-1210,Joseph,Williams,3,O,BSMAT
2025-1211,Jessica,Rodriguez,1,F,BAPAN
2024-1212,Patricia,Williams,2,F,BSESE
2023-1213,Mary,Williams,3,F,BAPAN
2022-1214,Joseph,Martinez,4,M,BSSTAT
2023-1215,Sarah,Davis,3,F,BSBIO-ANBIO
2025-1216,Thomas,Martinez,1,M,BSCA
2022-1217,James,Miller,4,M,BSED-PHY
2025-1218,Robert,Rodriguez,1,M,BETELET
2025-1219,Patricia,Martinez,1,O,BSCA
2023-1220,Karen,Rodriguez,3,F,BETELET
2025-1221,Karen,Smith,1,O,BAPAN
2025-1222,Thomas,Davis,1,M,BAFIL
2025-1223,John,Garcia,1,O,BAFIL
2022-1224,Elizabeth,Brown,4,F,BSBIO
2024-1225,Sarah,Garcia,2,O,BAPAN
2023-1226,Patricia,Miller,3,F,BSEM
2025-1227,Karen,Garcia,1,F,BSA
2024-1228,Christopher,Martinez,2,M,BAHIS
2025-1229,Barbara,Brown,1,F,BETMMT
2022-1230,Sarah,Williams,4,F,BSPSYCH
2023-1231,Susan,Johnson,3,F,BEED-LE
2025-1232,Linda,Smith,1,O,BSCS
2025-1233,Robert,Jones,1,M,BASOCIO
2024-1234,Susan,Rodriguez,2,F,BEED-LE
2025-1235,Christopher,Jones,1,O,BSPHY
2024-1236,Patricia,Brown,2,F,BSED-CHEM
2024-1237,Mary,Davis,2,F,BSED-CHEM
2025-1238,William,Miller,1,M,BSMB
2023-1239,Christopher,Garcia,3,M,BAHIS
2025-1240,Linda,Rodriguez,1,F,BSIS
2024-1241,William,Davis,2,M,BSBIO-BOT
2025-1242,Thomas,Rodriguez,1,O,BTVTED-DT
2024-1243,Joseph,Garcia,2,O,BTLED-HOMECO
2025-1244,Robert,Rodriguez,1,M,BSPHY
2023-1245,Patricia,Davis,3,F,BAPAN
2022-1246,Robert,Johnson,4,O,BAPSYCH
2025-1247,Robert,Martinez,1,O,BEED-LE
2025-1248,Patricia,Garcia,1,F,BETMMT
2025-1249,William,Jones,1,O,BTLED-HOMECO
2023-1250,Jessica,Garcia,3,F,BETELET
2024-1251,William,Brown,2,O,BSPHY
2025-1252,Patricia,Smith,1,O,BTVTED-DT
2025-1253,Jennifer,Brown,1,O,BETELET
2025-1254,James,Miller,1,O,BAPHILO
2025-1255,Robert,Brown,1,O,BETELET
2022-1256,Linda,Jones,4,O,BAHIS
2024-1257,Elizabeth,Johnson,2,F,BAPAN
2022-1258,William,Brown,4,O,BAPHILO
2022-1259,Patricia,Rodriguez,4,O,BSME
2024-1260,John,Williams,2,O,BSCHEM
2022-1261,Christopher,Jones,4,O,BSEE
2022-1262,Susan,Smith,4,F,BPE
2024-1263,James,Miller,2,M,BAPHILO
2022-1264,William,Johnson,4,O,BSN
2025-1265,Karen,Johnson,1,O,BSCE
2024-1266,Barbara,Jones,2,O,BSBIO-BOT
2024-1267,James,Rodriguez,2,M,BAPSYCH
2023-1268,Elizabeth,Brown,3,O,BTVTED-DT
2023-1269,James,Smith,3,M,BALCS
2024-1270,Richard,Martinez,2,M,BAPSYCH
2024-1271,Jennifer,Miller,2,O,BETCHET
2025-1272,John,Williams,1,M,BAFIL
2023-1273,Joseph,Jones,3,O,BSMETE
2025-1274,Patricia,Brown,1,F,BSCHEM
2025-1275,James,Davis,1,O,BSED-PHY
2024-1276,Karen,Williams,2,F,BSMETE
2024-1277,Mary,Martinez,2,O,BSBIO-ANBIO
2025-1278,Thomas,Brown,1,O,BAPHILO
2025-1279,Christopher,Davis,1,O,BEED-SCIMAT
2023-1280,Richard,Miller,3,M,BSMETE
2022-1281,Joseph,Miller,4,O,BSED-CHEM
2023-1282,Thomas,Johnson,3,M,BETMET
2024-1283,Mary,Garcia,2,O,BSMAT
2025-1284,David,Brown,1,M,BETMET
2024-1285,Patricia,Williams,2,O,BETELET
2022-1286,Joseph,Johnson,4,O,BSBIO-BOT
2022-1287,Jessica,Smith,4,O,BSN
2022-1288,Michael,Johnson,4,M,BSED-MAT
2023-1289,Susan,Jones,3,O,BSBIO
2022-1290,Sarah,Brown,4,F,BSCHEM
2022-1291,Barbara,Jones,4,O,BAPSYCH
2024-1292,David,Smith,2,O,BSPHY
2022-1293,John,Smith,4,O,BSIT
2024-1294,Susan,Smith,2,F,BSED-BIO
2023-1295,Joseph,Jones,3,M,BAHIS
2024-1296,William,Smith,2,O,BETMMT
2025-1297,James,Jones,1,O,BETMET
2023-1298,Mary,Williams,3,F,BEED-SCIMAT
2024-1299,Mary,Martinez,2,F,BSME
2023-1300,Richard,Johnson,3,M,BSCPE
2024-1301,Patricia,Davis,2,F,BTVTED-DT
2022-1302,Joseph,Williams,4,M,BSPHY
2024-1303,Jennifer,Jones,2,F,BETMMT
2025-1304,Susan,Martinez,1,F,BAELS
2024-1305,Robert,Smith,2,M,BSPHY
2023-1306,Jessica,Johnson,3,F,BSE
2022-1307,Elizabeth,Brown,4,O,BSBIO-ANBIO
2024-1308,Richard,Martinez,2,M,BETMET
2025-1309,Susan,Smith,1,F,BSED-MAT
2025-1310,Susan,Smith,1,F,BEED-LE
2022-1311,David,Brown,4,M,BSMETE
2024-1312,Joseph,Smith,2,M,BETMMT
2024-1313,Michael,Davis,2,M,BSESE
2023-1314,James,Rodriguez,3,O,BSED-BIO
2024-1315,William,Brown,2,O,BSED-BIO
2025-1316,Patricia,Miller,1,O,BTLED-HOMECO
2025-1317,John,Jones,1,M,BASOCIO
2023-1318,Linda,Smith,3,F,BAFIL
2022-1319,John,Smith,4,M,BTLED-IA
2025-1320,Susan,Brown,1,F,BSCA
2023-1321,William,Williams,3,O,BSIT
2025-1322,Michael,Brown,1,M,BSBIO
2023-1323,Linda,Brown,3,F,BSCS
2025-1324,Thomas,Williams,1,O,BAFIL
2023-1325,Jennifer,Martinez,3,F,BTLED-HOMECO
2023-1326,Richard,Johnson,3,M,BSIS
2025-1327,Joseph,Miller,1,M,BSCA
2022-1328,Elizabeth,Smith,4,F,BAPHILO
2025-1329,Robert,Jones,1,M,BPE
2023-1330,Patricia,Jones,3,F,BSCHEM
2024-1331,Robert,Martinez,2,M,BSED-BIO
2022-1332,John,Williams,4,M,BSESE
2023-1333,John,Davis,3,O,BSCE
2025-1334,Joseph,Brown,1,M,BEED-LE
2024-1335,James,Garcia,2,M,BETESET
2024-1336,Linda,Brown,2,O,BSPHY
2023-1337,Joseph,Garcia,3,O,BSBIO-ANBIO
2022-1338,Christopher,Brown,4,M,BTLED-HOMECO
2022-1339,William,Rodriguez,4,O,BSEM
2022-1340,Mary,Brown,4,O,BSED-MAT
2022-1341,Sarah,Brown,4,O,BETELET
2025-1342,Christopher,Miller,1,O,BAPHILO
2025-1343,Karen,Rodriguez,1,O,BSENE
2025-1344,Elizabeth,Miller,1,O,BALCS
2022-1345,John,Brown,4,M,BSCERE
2022-1346,Michael,Williams,4,M,BETELET
2022-1347,Joseph,Jones,4,O,BSED-BIO
2023-1348,Michael,Davis,3,O,BSCA
2025-1349,Karen,Garcia,1,O,BSBIO
2025-1350,Thomas,Davis,1,O,BAPAN
2023-1351,Michael,Martinez,3,M,BSCS
2022-1352,Sarah,Jones,4,F,BSMB
2025-1353,William,Williams,1,O,BSCE
2025-1354,David,Brown,1,O,BTVTED-DT
2023-1355,Jennifer,Brown,3,F,BSBIO-BOT
2024-1356,Patricia,Davis,2,F,BSIT
2022-1357,Robert,Martinez,4,O,BSESE
2025-1358,Jennifer,Brown,1,F,BSMETE
2023-1359,Michael,Martinez,3,M,BAFIL
2022-1360,Jessica,Davis,4,O,BSIAM
2025-1361,William,Miller,1,M,BETELET
2025-1362,Robert,Rodriguez,1,M,BSCS
2024-1363,Patricia,Rodriguez,2,F,BSED-MAT
2023-1364,Linda,Brown,3,O,BSBIO
2023-1365,Joseph,Johnson,3,O,BSBA-MM
2024-1366,Michael,Rodriguez,2,O,BSMAT
2025-1367,Richard,Williams,1,M,BSIS
2025-1368,Sarah,Smith,1,O,BSCPE
2025-1369,Joseph,Miller,1,M,BSBIO-ANBIO
2024-1370,William,Miller,2,M,BSSTAT
2025-1371,Richard,Williams,1,O,BSBIO-BOT
2023-1372,Sarah,Martinez,3,F,BETMET
2023-1373,Karen,Davis,3,O,BSE
2024-1374,Thomas,Smith,2,M,BSA
2025-1375,Patricia,Williams,1,F,BSMAT
2022-1376,Karen,Williams,4,O,BSIT
2024-1377,William,Smith,2,O,BSBIO-ANBIO
2025-1378,Elizabeth,Davis,1,F,BSIAM
2023-1379,Jessica,Johnson,3,F,BETMMT
2025-1380,Barbara,Miller,1,F,BETCHET
2022-1381,Sarah,Martinez,4,O,BSPSYCH
2024-1382,Linda,Rodriguez,2,F,BAPOLSCI
2022-1383,Elizabeth,Johnson,4,F,BSMAT
2023-1384,Michael,Miller,3,O,BSHM
2025-1385,Robert,Davis,1,M,BSIS
2023-1386,Sarah,Brown,3,O,BAPAN
2024-1387,Richard,Martinez,2,O,BSIS
2023-1388,Richard,Davis,3,O,BSCHE
2022-1389,Mary,Miller,4,F,BSIAM
2023-1390,Barbara,Smith,3,F,BETMET
2022-1391,Susan,Smith,4,F,BSIS
2023-1392,Barbara,Garcia,3,F,BSEM
2025-1393,Patricia,Williams,1,O,BAFIL
2024-1394,Jessica,Brown,2,F,BSPHY
2024-1395,Barbara,Smith,2,F,BASOCIO
2024-1396,Linda,Brown,2,F,BSMB
2023-1397,Karen,Williams,3,F,BSN
2024-1398,Michael,Davis,2,M,BSIT
2023-1399,Barbara,Garcia,3,O,BSIT
2025-1400,William,Miller,1,O,BSED-FIL
2025-1401,Linda,Rodriguez,1,O,BSA
2023-1402,Elizabeth,Davis,3,F,BSA
2025-1403,Thomas,Miller,1,O,BSMETE
2025-1404,Mary,Johnson,1,O,BAPSYCH
2025-1405,John,Jones,1,M,BSIAM
2022-1406,David,Jones,4,O,BSEM
2024-1407,Richard,Brown,2,M,BSBA-MM
2024-1408,Christopher,Miller,2,M,BETMMT
2023-1409,Sarah,Rodriguez,3,F,BSED-FIL
2022-1410,Elizabeth,Brown,4,F,BSCHE
2022-1411,Barbara,Garcia,4,F,BSIS
2022-1412,Joseph,Jones,4,M,BETESET
2025-1413,Karen,Garcia,1,F,BPE
2025-1414,Mary,Rodriguez,1,F,BSCPE
2023-1415,Thomas,Miller,3,M,BAPAN
2023-1416,Jennifer,Miller,3,F,BTLED-IA
2025-1417,Susan,Martinez,1,F,BSEM
2025-1418,Sarah,Miller,1,F,BETESET
2022-1419,Karen,Garcia,4,O,BEED-LE
2024-1420,James,Miller,2,M,BAPOLSCI
2025-1421,Patricia,Garcia,1,O,BSED-FIL
2022-1422,Elizabeth,Smith,4,F,BSBIO-ANBIO
2025-1423,Richard,Williams,1,M,BETMET
2025-1424,Richard,Miller,1,O,BSMB
2022-1425,John,Johnson,4,M,BETCHET
2023-1426,Thomas,Garcia,3,M,BSME
2024-1427,Barbara,Miller,2,O,BSCHE
2022-1428,Sarah,Williams,4,F,BSE
2022-1429,Barbara,Martinez,4,F,BSCPE
2023-1430,Elizabeth,Garcia,3,F,BSCPE
2025-1431,John,Miller,1,O,BETELET
2025-1432,Susan,Martinez,1,O,BSIAM
2022-1433,Richard,Davis,4,M,BSENE
2024-1434,Jessica,Smith,2,F,BSMB
2023-1435,Patricia,Johnson,3,F,BETMET
2024-1436,Sarah,Jones,2,O,BSEM
2025-1437,William,Miller,1,M,BETCHET
2022-1438,Jennifer,Davis,4,F,BSIT
2024-1439,Jessica,Jones,2,F,BSED-CHEM
2022-1440,Christopher,Brown,4,O,BETMMT
2023-1441,Karen,Williams,3,F,BSCS
2025-1442,Jessica,Smith,1,F,BSCERE
2024-1443,William,Brown,2,M,BTLED-IA
2025-1444,Jennifer,Jones,1,F,BSN
2022-1445,Elizabeth,Miller,4,F,BSCA
2022-1446,Susan,Martinez,4,F,BETCHET
2024-1447,Linda,Garcia,2,F,BSCHE
2022-1448,Karen,Johnson,4,F,BSCE
2023-1449,Linda,Davis,3,F,BSE
2024-1450,David,Johnson,2,M,BETELET
2024-1451,William,Miller,2,M,BSED-BIO
2023-1452,Joseph,Smith,3,M,BAFIL
2024-1453,David,Rodriguez,2,M,BSCE
2023-1454,John,Martinez,3,O,BSCE
2023-1455,Jessica,Jones,3,O,BSME
2022-1456,Richard,Johnson,4,O,BASOCIO
2025-1457,Barbara,Miller,1,F,BSBA-MM
2023-1458,Susan,Smith,3,F,BEED-SCIMAT
2023-1459,Karen,Jones,3,F,BSPSYCH
2024-1460,Linda,Garcia,2,F,BSMETE
2024-1461,Sarah,Martinez,2,O,BSED-BIO
2025-1462,David,Smith,1,M,BSBIO-ANBIO
2023-1463,William,Williams,3,M,BALCS
2023-1464,David,Williams,3,M,BETESET
2024-1465,Richard,Martinez,2,M,BSEM
2024-1466,Patricia,Johnson,2,F,BSSTAT
2024-1467,Elizabeth,Miller,2,F,BSEM
2024-1468,David,Rodriguez,2,M,BSBIO-ANBIO
2025-1469,Elizabeth,Williams,1,O,BTLED-IA
2022-1470,John,Martinez,4,M,BSIS
2023-1471,Robert,Williams,3,M,BSA
2023-1472,Sarah,Davis,3,F,BSEM
2025-1473,Elizabeth,Rodriguez,1,F,BETCET
2023-1474,Elizabeth,Williams,3,F,BSA
2022-1475,Susan,Rodriguez,4,F,BSMAT
2022-1476,Joseph,Davis,4,M,BSESE
2023-1477,Michael,Garcia,3,M,BSHM
2024-1478,Thomas,Miller,2,O,BSCPE
2023-1479,Richard,Miller,3,M,BETMET
2025-1480,Patricia,Rodriguez,1,F,BSENE
2022-1481,John,Jones,4,M,BAPAN
2022-1482,James,Smith,4,M,BAPHILO
2022-1483,Susan,Williams,4,F,BSENE
2022-1484,Karen,Jones,4,F,BSPSYCH
2022-1485,Linda,Johnson,4,F,BETMET
2023-1486,John,Smith,3,M,BSN
2023-1487,Joseph,Williams,3,M,BSPHY
2023-1488,Mary,Smith,3,F,BSED-FIL
2025-1489,Barbara,Martinez,1,F,BSN
2024-1490,John,Johnson,2,M,BAELS
2022-1491,Linda,Garcia,4,F,BSCPE
2022-1492,Jennifer,Davis,4,O,BEED-SCIMAT
2024-1493,Christopher,Williams,2,O,BSIS
2022-1494,John,Smith,4,M,BAPHILO
2023-1495,David,Martinez,3,M,BETCHET
2024-1496,Christopher,Williams,2,O,BSCPE
2024-1497,Joseph,Jones,2,M,BSN
2025-1498,Jennifer,Brown,1,O,BETMET
2024-1499,Barbara,Smith,2,F,BSN
2025-1500,Joseph,Johnson,1,O,BSSTAT
2025-1501,Bob,Ross,1,M,BSCS
2025-1502,Smeagles,Sauroned,1,O,BSIT
